id,first_name,last_name,email,gender,phone_number,address
1,Stacee,Longhorne,slonghorne0@ucsd.edu,Female,690-147-4246,Suite 26
2,Sean,Mobley,smobley1@moonfruit.com,Female,240-807-4843,Room 1019
3,Junie,Lope,jlope2@studiopress.com,Genderfluid,349-227-5300,Room 416
4,Eberto,Rodrigues,erodrigues3@ifeng.com,Polygender,267-874-3856,Apt 288
5,Merilyn,Bunyard,mbunyard4@wired.com,Female,417-249-4581,Suite 59
6,Thedrick,Simond,tsimond5@bluehost.com,Male,298-327-6494,PO Box 2495
7,Flory,Brinkley,fbrinkley6@kickstarter.com,Female,410-951-1487,Apt 1408
8,Glen,Ismirnioglou,gismirnioglou7@tiny.cc,Male,493-499-2000,Room 1305
9,Eveleen,Hele,ehele8@scribd.com,Female,790-208-8579,Room 1568
10,Yehudit,Allnutt,yallnutt9@geocities.jp,Male,269-198-9659,Room 367
11,Glennie,Driuzzi,gdriuzzia@free.fr,Female,957-229-0511,8th Floor
12,Barrie,MacMorland,bmacmorlandb@storify.com,Female,727-236-7400,PO Box 8660
13,Cathie,Bilton,cbiltonc@ox.ac.uk,Non-binary,626-736-5241,Room 1843
14,Salomo,Feldhorn,sfeldhornd@odnoklassniki.ru,Male,155-134-6920,9th Floor
15,Monty,Floris,mflorise@nymag.com,Male,156-875-5803,18th Floor
16,Georgianne,Stanbury,gstanburyf@edublogs.org,Female,567-257-1252,PO Box 47924
17,Garwood,Maeer,gmaeerg@sbwire.com,Male,584-423-4602,Room 1704
18,Bondy,Dinley,bdinleyh@dion.ne.jp,Male,555-628-0491,Apt 632
19,Ilene,Senter,isenteri@twitpic.com,Female,892-910-7624,3rd Floor
20,Stephanus,Coller,scollerj@phoca.cz,Male,744-855-4054,Suite 55
21,June,Eddis,jeddisk@eepurl.com,Genderfluid,220-327-5460,Room 1371
22,Wallache,Bartolacci,wbartolaccil@whitehouse.gov,Male,541-371-1492,Suite 40
23,Abigael,Pitney,apitneym@yahoo.com,Female,954-700-2230,5th Floor
24,Gus,Pyle,gpylen@businessinsider.com,Male,319-286-9487,2nd Floor
25,Jaquenette,Heritege,jheritegeo@go.com,Female,682-680-2599,12th Floor
26,Carlin,Sutherden,csutherdenp@patch.com,Bigender,672-530-7245,Room 1335
27,Axe,Shellum,ashellumq@latimes.com,Male,190-117-6632,PO Box 9288
28,Antin,Danford,adanfordr@yellowpages.com,Male,552-632-3793,Apt 596
29,Nadiya,Cutford,ncutfords@wikispaces.com,Female,106-474-4255,15th Floor
30,Trumann,Hanning,thanningt@t.co,Male,774-752-1308,Suite 100
31,Nilson,Lindholm,nlindholmu@xing.com,Male,188-562-2929,Room 1618
32,Corinna,Ballach,cballachv@apache.org,Bigender,845-723-0403,Apt 244
33,Corilla,Moffatt,cmoffattw@xrea.com,Female,504-547-2562,Apt 172
34,Karlyn,McGlaud,kmcglaudx@latimes.com,Female,468-336-3833,PO Box 24878
35,Arnuad,Bridgement,abridgementy@so-net.ne.jp,Male,245-242-1843,Apt 13
36,Cameron,Clamp,cclampz@tripod.com,Male,894-200-0115,Room 1256
37,Lorenzo,Carncross,lcarncross10@addtoany.com,Male,111-679-3106,PO Box 22601
38,Dredi,Belvin,dbelvin11@businessinsider.com,Female,778-597-9189,7th Floor
39,Charline,Ponting,cponting12@photobucket.com,Female,417-807-8603,Room 790
40,Hasheem,Spurgeon,hspurgeon13@blinklist.com,Male,446-473-4101,Suite 62
41,Hayyim,Eisikovitsh,heisikovitsh14@rambler.ru,Male,702-361-3916,Suite 71
42,Basilio,Lunnon,blunnon15@reference.com,Bigender,922-800-7719,5th Floor
43,Homer,Alred,halred16@ca.gov,Male,639-354-2723,Suite 30
44,Devland,Jentle,djentle17@cornell.edu,Male,639-742-0484,Suite 72
45,Claudius,Suller,csuller18@photobucket.com,Male,103-133-9832,Room 1747
46,Any,Sabater,asabater19@illinois.edu,Male,410-668-7895,13th Floor
47,Thorin,Poller,tpoller1a@example.com,Male,472-808-7234,PO Box 72141
48,Gilly,Greenhaugh,ggreenhaugh1b@t-online.de,Non-binary,664-897-1041,PO Box 92836
49,Bertha,Philippe,bphilippe1c@paginegialle.it,Female,168-938-1527,PO Box 59849
50,Werner,Hamlet,whamlet1d@i2i.jp,Male,401-344-4142,PO Box 67962
51,Virginie,Aaronson,vaaronson1e@google.it,Female,917-714-6942,Room 1660
52,Bax,Trodler,btrodler1f@wsj.com,Male,833-211-5559,Room 335
53,Doro,Copperwaite,dcopperwaite1g@hp.com,Female,417-289-8689,Room 730
54,Puff,Mee,pmee1h@acquirethisname.com,Male,385-197-2613,Room 884
55,Myranda,Kornacki,mkornacki1i@angelfire.com,Female,217-401-1630,Apt 1236
56,Carlyle,Kryszka,ckryszka1j@nps.gov,Male,321-107-6745,PO Box 1989
57,Matthieu,Rother,mrother1k@biglobe.ne.jp,Male,851-334-7036,PO Box 52721
58,Harli,Fullick,hfullick1l@netvibes.com,Female,509-426-9286,Room 1220
59,Zebulon,Shillaker,zshillaker1m@europa.eu,Male,684-858-0534,16th Floor
60,Gregory,Youngs,gyoungs1n@microsoft.com,Bigender,330-746-4873,Suite 55
61,Neron,Roffe,nroffe1o@un.org,Male,616-349-3179,16th Floor
62,Tremayne,Rosellini,trosellini1p@wordpress.com,Male,250-164-1486,Room 551
63,Christabel,Farmiloe,cfarmiloe1q@army.mil,Female,888-314-2733,Room 1494
64,Jobey,Slegg,jslegg1r@google.co.jp,Female,348-550-5158,20th Floor
65,Karlik,Middleton,kmiddleton1s@youtu.be,Male,693-984-5312,Apt 235
66,Cobbie,Manclark,cmanclark1t@wikispaces.com,Male,539-458-0855,Suite 74
67,Sybyl,Mattocks,smattocks1u@prnewswire.com,Female,324-116-7685,19th Floor
68,Annabal,Champerlen,achamperlen1v@meetup.com,Female,393-732-7467,PO Box 9244
69,Ax,Duchesne,aduchesne1w@facebook.com,Male,214-481-1712,Apt 177
70,Sascha,Merriday,smerriday1x@house.gov,Female,346-907-4229,Suite 78
71,Gabie,Brownfield,gbrownfield1y@w3.org,Female,377-550-6176,Apt 654
72,Melania,Stephen,mstephen1z@istockphoto.com,Female,981-970-7887,18th Floor
73,Irina,Oller,ioller20@delicious.com,Female,885-314-9922,PO Box 82823
74,Vasilis,Clogg,vclogg21@simplemachines.org,Male,424-929-6742,Suite 24
75,Janela,Di Matteo,jdimatteo22@soundcloud.com,Female,996-803-4544,PO Box 54076
76,Rustin,Bullas,rbullas23@phpbb.com,Male,628-661-7393,Room 1025
77,Billi,Been,bbeen24@nationalgeographic.com,Female,423-566-2341,18th Floor
78,Lauryn,Askey,laskey25@businessinsider.com,Female,988-551-4381,PO Box 44674
79,Ozzy,Haswell,ohaswell26@t.co,Male,357-144-1223,PO Box 95691
80,Denyse,Fullom,dfullom27@booking.com,Female,635-574-9912,Suite 10
81,Louisette,Dundon,ldundon28@last.fm,Female,122-810-7517,PO Box 47661
82,Cordula,Burniston,cburniston29@msn.com,Female,899-299-8263,6th Floor
83,Mycah,Tutin,mtutin2a@webmd.com,Male,706-640-0571,Suite 42
84,Anitra,Rangeley,arangeley2b@abc.net.au,Genderfluid,638-562-7902,PO Box 49253
85,Lucho,Maxwale,lmaxwale2c@reverbnation.com,Male,585-416-0834,Apt 1302
86,Chelsie,Striker,cstriker2d@marketwatch.com,Female,495-497-9485,Suite 41
87,Alfreda,Kennard,akennard2e@princeton.edu,Female,773-903-2973,Room 993
88,Wendell,Falkus,wfalkus2f@smh.com.au,Male,332-491-1038,4th Floor
89,Karlis,Ghelardi,kghelardi2g@thetimes.co.uk,Male,665-772-2713,14th Floor
90,Thorny,Haining,thaining2h@unc.edu,Male,507-410-1836,Room 599
91,Nora,Del Checolo,ndelchecolo2i@constantcontact.com,Agender,642-596-3807,Room 1964
92,Lyman,Smardon,lsmardon2j@nydailynews.com,Male,636-254-7077,Suite 38
93,Benedict,MacLure,bmaclure2k@php.net,Male,453-157-4351,PO Box 27424
94,Georgeanna,Giacomini,ggiacomini2l@auda.org.au,Female,267-531-8740,18th Floor
95,Lissi,Siggee,lsiggee2m@google.de,Female,745-490-7221,Apt 1594
96,Jamesy,Pegden,jpegden2n@geocities.com,Male,949-104-3696,Room 1215
97,Prudence,Keattch,pkeattch2o@un.org,Female,364-727-8043,8th Floor
98,Phyllis,Bridie,pbridie2p@loc.gov,Female,325-458-0106,Room 1379
99,Catherin,Matula,cmatula2q@opensource.org,Female,799-929-9777,2nd Floor
100,Reade,Tardiff,rtardiff2r@pinterest.com,Male,974-954-6392,12th Floor
